<?xml version="1.0" encoding="UTF-8"?>
<metadata xml:lang="es"><Esri><CreaDate>20231108</CreaDate><CreaTime>13113200</CreaTime><ArcGISFormat>1.0</ArcGISFormat><SyncOnce>FALSE</SyncOnce><DataProperties><lineage><Process Name="Append (8)" ToolSource="c:\program files (x86)\arcgis\desktop10.4\ArcToolbox\Toolboxes\Data Management Tools.tbx\Append" Date="20170801" Time="090409">Append E:\CaliddaGIS\BaseCartografica.gdb\BaseCartografica\Malla "Database Connections\PRO104_calidda_caliddagis.sde\calidda.CALIDDAGIS.BaseCartografica\calidda.CALIDDAGIS.MALLA" NO_TEST "CODIGODISTRITO "CODIGODISTRITO" true false false 6 Text 0 0 ,First,#,E:\CaliddaGIS\BaseCartografica.gdb\BaseCartografica\Malla,CodigoDistrito,-1,-1;SECTOR "SECTOR" true false false 6 Text 0 0 ,First,#,E:\CaliddaGIS\BaseCartografica.gdb\BaseCartografica\Malla,Sector,-1,-1;CODIGOMALLA "CODIGOMALLA" true false false 40 Text 0 0 ,First,#,E:\CaliddaGIS\BaseCartografica.gdb\BaseCartografica\Malla,CodigoMalla,-1,-1;NOMBREMALLA "NOMBREMALLA" true true false 50 Text 0 0 ,First,#,E:\CaliddaGIS\BaseCartografica.gdb\BaseCartografica\Malla,NombreMalla,-1,-1;FECHAGASIFICACION "FECHAGASIFICACION" true true false 8 Date 0 0 ,First,#,E:\CaliddaGIS\BaseCartografica.gdb\BaseCartografica\Malla,FechaGasificacion,-1,-1;CODIGOSECTOR "CODIGOSECTOR" true true false 11 Text 0 0 ,First,#,E:\CaliddaGIS\BaseCartografica.gdb\BaseCartografica\Malla,CodigoSector,-1,-1;CODIGOTIPOMALLA "CODIGOTIPOMALLA" true true false 50 Text 0 0 ,First,#,E:\CaliddaGIS\BaseCartografica.gdb\BaseCartografica\Malla,CodigoTipoMalla,-1,-1;COLABORADORFECHAGAS "COLABORADORFECHAGAS" true true false 20 Text 0 0 ,First,#,E:\CaliddaGIS\BaseCartografica.gdb\BaseCartografica\Malla,ColaboradorFechaGas,-1,-1;OBSERVACION "OBSERVACION" true true false 100 Text 0 0 ,First,#,E:\CaliddaGIS\BaseCartografica.gdb\BaseCartografica\Malla,Observacion,-1,-1;CODIGOESTADOMALLA "CODIGOESTADOMALLA" true true false 2 Text 0 0 ,First,#,E:\CaliddaGIS\BaseCartografica.gdb\BaseCartografica\Malla,CodigoEstadoMalla,-1,-1;OBSERVACIONFECHAGAS "OBSERVACIONFECHAGAS" true true false 100 Text 0 0 ,First,#,E:\CaliddaGIS\BaseCartografica.gdb\BaseCartografica\Malla,ObservacionFechaGas,-1,-1;FECHACREACIONMALLA "FECHACREACIONMALLA" true true false 8 Date 0 0 ,First,#,E:\CaliddaGIS\BaseCartografica.gdb\BaseCartografica\Malla,FechaCreacionMalla,-1,-1;COLABORADORCREACIONMALLA "COLABORADORCREACIONMALLA" true true false 20 Text 0 0 ,First,#,E:\CaliddaGIS\BaseCartografica.gdb\BaseCartografica\Malla,ColaboradorCreacionMalla,-1,-1;CONCESION "CONCESION" true true false 2 Text 0 0 ,First,#,E:\CaliddaGIS\BaseCartografica.gdb\BaseCartografica\Malla,Concesion,-1,-1;SISTEMADISTRIBUCION "SISTEMADISTRIBUCION" true true false 2 Text 0 0 ,First,#,E:\CaliddaGIS\BaseCartografica.gdb\BaseCartografica\Malla,SistemaDistribucion,-1,-1;UTNIVEL3 "UTNIVEL3" true true false 2 Text 0 0 ,First,#,E:\CaliddaGIS\BaseCartografica.gdb\BaseCartografica\Malla,UTNivel3,-1,-1;UTNIVEL4 "UTNIVEL4" true true false 3 Text 0 0 ,First,#,E:\CaliddaGIS\BaseCartografica.gdb\BaseCartografica\Malla,UTNivel4,-1,-1;UTNIVEL5 "UTNIVEL5" true true false 7 Text 0 0 ,First,#,E:\CaliddaGIS\BaseCartografica.gdb\BaseCartografica\Malla,UTNivel5,-1,-1;UTNIVEL6 "UTNIVEL6" true true false 2 Text 0 0 ,First,#,E:\CaliddaGIS\BaseCartografica.gdb\BaseCartografica\Malla,UTNivel6,-1,-1;UTNIVEL7 "UTNIVEL7" true true false 3 Text 0 0 ,First,#,E:\CaliddaGIS\BaseCartografica.gdb\BaseCartografica\Malla,UTNivel7,-1,-1;UTNIVEL8 "UTNIVEL8" true true false 2 Text 0 0 ,First,#,E:\CaliddaGIS\BaseCartografica.gdb\BaseCartografica\Malla,UTNivel8,-1,-1;CODIGOUNIDADLECTURA "CODIGOUNIDADLECTURA" true true false 8 Text 0 0 ,First,#,E:\CaliddaGIS\BaseCartografica.gdb\BaseCartografica\Malla,CodigoUnidadLectura,-1,-1;ENVIARSAP "ENVIARSAP" true true false 2 Text 0 0 ,First,#,E:\CaliddaGIS\BaseCartografica.gdb\BaseCartografica\Malla,EnviarSap,-1,-1;NOMBRECALLE "NOMBRECALLE" true true false 100 Text 0 0 ,First,#,E:\CaliddaGIS\BaseCartografica.gdb\BaseCartografica\Malla,NombreCalle,-1,-1;FECHAPUESTASERVICIO "FECHAPUESTASERVICIO" true true false 8 Text 0 0 ,First,#,E:\CaliddaGIS\BaseCartografica.gdb\BaseCartografica\Malla,FechaPuestaServicio,-1,-1;NUMEROPUERTA "NUMEROPUERTA" true true false 50 Text 0 0 ,First,#,E:\CaliddaGIS\BaseCartografica.gdb\BaseCartografica\Malla,NumeroPuerta,-1,-1;TIPOUBICACIONTECNICA "TIPOUBICACIONTECNICA" true true false 10 Text 0 0 ,First,#,E:\CaliddaGIS\BaseCartografica.gdb\BaseCartografica\Malla,TipoUbicacionTecnica,-1,-1;CODIGOINDICADORESTRUCTURA "CODIGOINDICADORESTRUCTURA" true true false 10 Text 0 0 ,First,#,E:\CaliddaGIS\BaseCartografica.gdb\BaseCartografica\Malla,CodigoindicadorEstructura,-1,-1;USUARIOCREACION "USUARIOCREACION" true true false 50 Text 0 0 ,First,#,E:\CaliddaGIS\BaseCartografica.gdb\BaseCartografica\Malla,Usuario,-1,-1;MAQUINA "MAQUINA" true true false 50 Text 0 0 ,First,#,E:\CaliddaGIS\BaseCartografica.gdb\BaseCartografica\Malla,Maquina,-1,-1;FECHACREACIONGIS "FECHACREACIONGIS" true true false 8 Date 0 0 ,First,#,E:\CaliddaGIS\BaseCartografica.gdb\BaseCartografica\Malla,FechaCreacionGis,-1,-1;NOMBREVALIDACIONOT "NOMBREVALIDACIONOT" true true false 100 Text 0 0 ,First,#,E:\CaliddaGIS\BaseCartografica.gdb\BaseCartografica\Malla,NombreValidacionOT,-1,-1;FECHAVALIDACIONOT "FECHAVALIDACIONOT" true true false 8 Date 0 0 ,First,#,E:\CaliddaGIS\BaseCartografica.gdb\BaseCartografica\Malla,FechaValidacionOT,-1,-1;USUARIOMODIFICACION "USUARIOMODIFICACION" true true false 50 Text 0 0 ,First,#;FECHAMODIFICACION "FECHAMODIFICACION" true true false 8 Date 0 0 ,First,#;SHAPE.STArea() "SHAPE.STArea()" false false true 0 Double 0 0 ,First,#;SHAPE.STLength() "SHAPE.STLength()" false false true 0 Double 0 0 ,First,#" #</Process><Process ToolSource="c:\program files (x86)\arcgis\desktop10.4\ArcToolbox\Toolboxes\Data Management Tools.tbx\ChangePrivileges" Date="20170808" Time="165227">ChangePrivileges C:\Users\p_mato_dev\AppData\Roaming\ESRI\Desktop10.4\ArcCatalog\PRO104_calidda_caliddagis.sde\MALLA IngenieriaProyectos GRANT GRANT</Process><Process ToolSource="c:\program files (x86)\arcgis\desktop10.4\ArcToolbox\Toolboxes\Data Management Tools.tbx\ChangePrivileges" Date="20170809" Time="115803">ChangePrivileges C:\Users\Administrator\AppData\Roaming\ESRI\Desktop10.4\ArcCatalog\PRO104_calidda_caliddagis.sde\MALLA IngenieriaProyectos GRANT GRANT</Process><Process ToolSource="c:\program files (x86)\arcgis\desktop10.4\ArcToolbox\Toolboxes\Data Management Tools.tbx\CalculateField" Date="20171110" Time="201356">CalculateField MALLA SECTOR 03600 VB #</Process><Process ToolSource="c:\program files (x86)\arcgis\desktop10.4\ArcToolbox\Toolboxes\Data Management Tools.tbx\CalculateField" Date="20171120" Time="142007">CalculateField Cartografia\Malla CODIGODISTRITO "150106" VB #</Process><Process ToolSource="c:\program files (x86)\arcgis\desktop10.4\ArcToolbox\Toolboxes\Data Management Tools.tbx\CalculateField" Date="20171120" Time="142031">CalculateField Cartografia\Malla CODIGODISTRITO "" VB #</Process><Process ToolSource="c:\program files (x86)\arcgis\desktop10.4\ArcToolbox\Toolboxes\Data Management Tools.tbx\CalculateField" Date="20171120" Time="142316">CalculateField Cartografia\Malla CODIGODISTRITO "150106" VB #</Process><Process ToolSource="c:\program files (x86)\arcgis\desktop10.4\ArcToolbox\Toolboxes\Data Management Tools.tbx\CalculateField" Date="20180110" Time="192859">CalculateField MALLA UTNIVEL5 "S005600" VB #</Process><Process ToolSource="c:\program files (x86)\arcgis\desktop10.4\ArcToolbox\Toolboxes\Data Management Tools.tbx\CalculateField" Date="20180131" Time="145711">CalculateField MALLA SISTEMADISTRIBUCION "SISTEMA DE DISTRIBUCION LIMA Y CALLAO" VB #</Process><Process ToolSource="c:\program files (x86)\arcgis\desktop10.4\ArcToolbox\Toolboxes\Data Management Tools.tbx\CalculateField" Date="20180131" Time="151205">CalculateField MALLA UTNIVEL4 "CAR" VB #</Process><Process ToolSource="c:\program files (x86)\arcgis\desktop10.4\ArcToolbox\Toolboxes\Data Management Tools.tbx\CalculateField" Date="20180131" Time="153058">CalculateField MALLA UTNIVEL6 "MA" VB #</Process><Process ToolSource="c:\program files (x86)\arcgis\desktop10.4\ArcToolbox\Toolboxes\Data Management Tools.tbx\CalculateField" Date="20180227" Time="132016">CalculateField MALLA CODIGODISTRITO "150142" VB #</Process><Process ToolSource="c:\program files (x86)\arcgis\desktop10.4\ArcToolbox\Toolboxes\Data Management Tools.tbx\RepairGeometry" Date="20180228" Time="144013">RepairGeometry MALLA DELETE_NULL</Process><Process ToolSource="c:\program files (x86)\arcgis\desktop10.4\ArcToolbox\Toolboxes\Data Management Tools.tbx\CalculateField" Date="20180405" Time="155016">CalculateField MALLA UTNIVEL5 S001100 VB #</Process><Process ToolSource="c:\program files (x86)\arcgis\desktop10.4\ArcToolbox\Toolboxes\Data Management Tools.tbx\CalculateField" Date="20180405" Time="155035">CalculateField MALLA UTNIVEL5 "S001100" VB #</Process><Process ToolSource="c:\program files (x86)\arcgis\desktop10.4\ArcToolbox\Toolboxes\Data Management Tools.tbx\CalculateField" Date="20180405" Time="155559">CalculateField MALLA UTNIVEL5 "S002800" VB #</Process><Process ToolSource="c:\program files (x86)\arcgis\desktop10.4\ArcToolbox\Toolboxes\Data Management Tools.tbx\CalculateField" Date="20180417" Time="083044">CalculateField MALLA SECTOR "01900" VB #</Process><Process ToolSource="c:\program files (x86)\arcgis\desktop10.4\ArcToolbox\Toolboxes\Data Management Tools.tbx\CalculateField" Date="20180419" Time="172354">CalculateField MALLA UTNIVEL5 "S002900" VB #</Process><Process ToolSource="c:\program files (x86)\arcgis\desktop10.4\ArcToolbox\Toolboxes\Data Management Tools.tbx\CalculateField" Date="20180420" Time="153709">CalculateField MALLA UTNIVEL5 "S001400" VB #</Process><Process ToolSource="c:\program files (x86)\arcgis\desktop10.4\ArcToolbox\Toolboxes\Data Management Tools.tbx\CalculateField" Date="20190228" Time="143049">CalculateField MALLA USUARIOCREACION "SEJMET_PA2019" VB #</Process><Process ToolSource="c:\program files (x86)\arcgis\desktop10.4\ArcToolbox\Toolboxes\Data Management Tools.tbx\CalculateField" Date="20190228" Time="143220">CalculateField MALLA USUARIOCREACION "SEJMET_PA2019" VB #</Process><Process ToolSource="c:\program files (x86)\arcgis\desktop10.4\ArcToolbox\Toolboxes\Data Management Tools.tbx\CalculateField" Date="20190228" Time="144135">CalculateField MALLA USUARIOCREACION "SEJMET_PA2019" VB #</Process><Process ToolSource="c:\program files (x86)\arcgis\desktop10.4\ArcToolbox\Toolboxes\Data Management Tools.tbx\CalculateField" Date="20190228" Time="144640">CalculateField MALLA USUARIOCREACION "SEJMET_PA2019" VB #</Process><Process ToolSource="c:\program files (x86)\arcgis\desktop10.4\ArcToolbox\Toolboxes\Data Management Tools.tbx\CalculateField" Date="20190228" Time="145003">CalculateField MALLA USUARIOCREACION "SEJMET_PA2019" VB #</Process><Process ToolSource="c:\program files (x86)\arcgis\desktop10.4\ArcToolbox\Toolboxes\Data Management Tools.tbx\CalculateField" Date="20190228" Time="145327">CalculateField MALLA USUARIOMODIFICACION "SEJMET_PA2019" VB #</Process><Process ToolSource="c:\program files (x86)\arcgis\desktop10.4\ArcToolbox\Toolboxes\Data Management Tools.tbx\CalculateField" Date="20190228" Time="145550">CalculateField MALLA USUARIOCREACION "SEJMET_PA2019" VB #</Process><Process ToolSource="c:\program files (x86)\arcgis\desktop10.4\ArcToolbox\Toolboxes\Data Management Tools.tbx\CalculateField" Date="20190228" Time="150722">CalculateField MALLA USUARIOCREACION "SEJMET_PA2019" VB #</Process><Process ToolSource="c:\program files (x86)\arcgis\desktop10.4\ArcToolbox\Toolboxes\Data Management Tools.tbx\CalculateField" Date="20190228" Time="151134">CalculateField MALLA USUARIOCREACION "SEJMET_PA2019" VB #</Process><Process ToolSource="c:\program files (x86)\arcgis\desktop10.4\ArcToolbox\Toolboxes\Data Management Tools.tbx\CalculateField" Date="20190228" Time="151515">CalculateField MALLA USUARIOCREACION "SEJMET_PA2019" VB #</Process><Process ToolSource="c:\program files (x86)\arcgis\desktop10.4\ArcToolbox\Toolboxes\Data Management Tools.tbx\CalculateField" Date="20190808" Time="095333">CalculateField "MALLA ENVIAR A SAP NO" ENVIARSAP NO VB #</Process><Process ToolSource="c:\program files (x86)\arcgis\desktop10.4\ArcToolbox\Toolboxes\Data Management Tools.tbx\CalculateField" Date="20190808" Time="120608">CalculateField MALLA ENVIARSAP "NO" VB #</Process><Process ToolSource="c:\program files (x86)\arcgis\desktop10.4\ArcToolbox\Toolboxes\Data Management Tools.tbx\CalculateField" Date="20190912" Time="190337">CalculateField "Base cartografica\MALLA" ENVIARSAP "NO" VB #</Process><Process ToolSource="c:\program files (x86)\arcgis\desktop10.4\ArcToolbox\Toolboxes\Data Management Tools.tbx\CalculateField" Date="20191030" Time="142249">CalculateField MALLA ENVIARSAP "NO" VB #</Process><Process ToolSource="c:\program files (x86)\arcgis\desktop10.4\ArcToolbox\Toolboxes\Data Management Tools.tbx\CalculateField" Date="20220311" Time="110727">CalculateField MALLA TIPOUBICACIONTECNICA Z VB #</Process><Process ToolSource="c:\program files (x86)\arcgis\desktop10.4\ArcToolbox\Toolboxes\Data Management Tools.tbx\CalculateField" Date="20220311" Time="110738">CalculateField MALLA TIPOUBICACIONTECNICA "Z" VB #</Process><Process ToolSource="c:\program files (x86)\arcgis\desktop10.4\ArcToolbox\Toolboxes\Data Management Tools.tbx\CalculateField" Date="20220311" Time="110917">CalculateField MALLA TIPOUBICACIONTECNICA "Z1" VB #</Process><Process ToolSource="c:\program files (x86)\arcgis\desktop10.4\ArcToolbox\Toolboxes\Data Management Tools.tbx\CalculateField" Date="20220311" Time="110924">CalculateField MALLA TIPOUBICACIONTECNICA "Z" VB #</Process><Process ToolSource="c:\program files (x86)\arcgis\desktop10.4\ArcToolbox\Toolboxes\Data Management Tools.tbx\CalculateField" Date="20220311" Time="144155">CalculateField Calidda\MALLA ENVIARSAP NULL VB #</Process><Process Name="Calculate UTM Zone" ToolSource="c:\program files (x86)\arcgis\desktop10.4\ArcToolbox\Toolboxes\Cartography Tools.tbx\CalculateUTMZone" Date="20220524" Time="154347">CalculateUTMZone MALLA CODIGOMALLA</Process><Process ToolSource="c:\program files (x86)\arcgis\desktop10.4\ArcToolbox\Toolboxes\Data Management Tools.tbx\CalculateField" Date="20230220" Time="170829">CalculateField BASE_CARTOGRAFICA\MALLA ENVIARSAP "NO" VB #</Process><Process ToolSource="c:\program files (x86)\arcgis\desktop10.4\ArcToolbox\Toolboxes\Data Management Tools.tbx\CalculateField" Date="20230220" Time="174602">CalculateField BASE_CARTOGRAFICA\MALLA ACTIVADO "NO" VB #</Process><Process ToolSource="c:\program files (x86)\arcgis\desktop10.4\ArcToolbox\Toolboxes\Data Management Tools.tbx\CalculateField" Date="20230621" Time="124956">CalculateField MALLA OBSERVACION "TRONCAL" VB #</Process><Process ToolSource="c:\program files (x86)\arcgis\desktop10.4\ArcToolbox\Toolboxes\Data Management Tools.tbx\CalculateField" Date="20230621" Time="130921">CalculateField MALLA OBSERVACION "TRONCAL" VB #</Process><Process ToolSource="c:\program files (x86)\arcgis\desktop10.4\ArcToolbox\Toolboxes\Data Management Tools.tbx\CalculateField" Date="20230621" Time="131333">CalculateField MALLA OBSERVACION "TRONCAL" VB #</Process><Process ToolSource="c:\program files (x86)\arcgis\desktop10.4\ArcToolbox\Toolboxes\Data Management Tools.tbx\CalculateField" Date="20230807" Time="215032">CalculateField MALLA ENVIARSAP "NO" VB #</Process><Process ToolSource="c:\program files (x86)\arcgis\desktop10.4\ArcToolbox\Toolboxes\Data Management Tools.tbx\CalculateField" Date="20230807" Time="221810">CalculateField MALLA ENVIARSAP "NO" VB #</Process><Process Name="Copy Features (3)" ToolSource="c:\program files (x86)\arcgis\desktop10.4\ArcToolbox\Toolboxes\Data Management Tools.tbx\CopyFeatures" Date="20231101" Time="225845">CopyFeatures "Database Connections\Connection to slimgisbd02prd.sde\calidda.CALIDDAGIS.BaseCartografica\calidda.CALIDDAGIS.MALLA" C:\Users\OperadorTIC\Desktop\Cartografia20102021.gdb\BaseCartografica\MALLA # 0 0 0</Process></lineage><itemProps><itemName Sync="TRUE">MALLA</itemName><imsContentType Sync="TRUE">002</imsContentType><itemLocation><linkage Sync="TRUE">file://\\SLIMGIS01DEV\C$\Users\OperadorTIC\Desktop\Cartografia20102021.gdb</linkage><protocol Sync="TRUE">Local Area Network</protocol></itemLocation></itemProps><coordRef><type Sync="TRUE">Projected</type><geogcsn Sync="TRUE">GCS_WGS_1984</geogcsn><csUnits Sync="TRUE">Linear Unit: Meter (1.000000)</csUnits><projcsn Sync="TRUE">WGS_1984_UTM_Zone_18S</projcsn><peXml Sync="TRUE">&lt;ProjectedCoordinateSystem xsi:type='typens:ProjectedCoordinateSystem' xmlns:xsi='http://www.w3.org/2001/XMLSchema-instance' xmlns:xs='http://www.w3.org/2001/XMLSchema' xmlns:typens='http://www.esri.com/schemas/ArcGIS/10.4'&gt;&lt;WKT&gt;PROJCS[&amp;quot;WGS_1984_UTM_Zone_18S&amp;quot;,GEOGCS[&amp;quot;GCS_WGS_1984&amp;quot;,DATUM[&amp;quot;D_WGS_1984&amp;quot;,SPHEROID[&amp;quot;WGS_1984&amp;quot;,6378137.0,298.257223563]],PRIMEM[&amp;quot;Greenwich&amp;quot;,0.0],UNIT[&amp;quot;Degree&amp;quot;,0.0174532925199433]],PROJECTION[&amp;quot;Transverse_Mercator&amp;quot;],PARAMETER[&amp;quot;False_Easting&amp;quot;,500000.0],PARAMETER[&amp;quot;False_Northing&amp;quot;,10000000.0],PARAMETER[&amp;quot;Central_Meridian&amp;quot;,-75.0],PARAMETER[&amp;quot;Scale_Factor&amp;quot;,0.9996],PARAMETER[&amp;quot;Latitude_Of_Origin&amp;quot;,0.0],UNIT[&amp;quot;Meter&amp;quot;,1.0],AUTHORITY[&amp;quot;EPSG&amp;quot;,32718]]&lt;/WKT&gt;&lt;XOrigin&gt;-450359962737.0495&lt;/XOrigin&gt;&lt;YOrigin&gt;-450359962737.0495&lt;/YOrigin&gt;&lt;XYScale&gt;10000&lt;/XYScale&gt;&lt;ZOrigin&gt;-100000&lt;/ZOrigin&gt;&lt;ZScale&gt;10000&lt;/ZScale&gt;&lt;MOrigin&gt;-100000&lt;/MOrigin&gt;&lt;MScale&gt;10000&lt;/MScale&gt;&lt;XYTolerance&gt;0.001&lt;/XYTolerance&gt;&lt;ZTolerance&gt;0.001&lt;/ZTolerance&gt;&lt;MTolerance&gt;0.001&lt;/MTolerance&gt;&lt;HighPrecision&gt;true&lt;/HighPrecision&gt;&lt;WKID&gt;32718&lt;/WKID&gt;&lt;LatestWKID&gt;32718&lt;/LatestWKID&gt;&lt;/ProjectedCoordinateSystem&gt;</peXml></coordRef></DataProperties><SyncDate>20231101</SyncDate><SyncTime>22583000</SyncTime><ModDate>20231101</ModDate><ModTime>22583000</ModTime></Esri><dataIdInfo><envirDesc Sync="TRUE"> Version 6.2 (Build 9200) ; Esri ArcGIS 10.4.0.5524</envirDesc><dataLang><languageCode value="spa" Sync="TRUE"></languageCode><countryCode value="PER" Sync="TRUE"></countryCode></dataLang><idCitation><resTitle Sync="TRUE">MALLA</resTitle><presForm><PresFormCd value="005" Sync="TRUE"></PresFormCd></presForm></idCitation><spatRpType><SpatRepTypCd value="001" Sync="TRUE"></SpatRepTypCd></spatRpType></dataIdInfo><mdLang><languageCode value="spa" Sync="TRUE"></languageCode><countryCode value="PER" Sync="TRUE"></countryCode></mdLang><distInfo><distFormat><formatName Sync="TRUE">File Geodatabase Feature Class</formatName></distFormat></distInfo><mdHrLv><ScopeCd value="005" Sync="TRUE"></ScopeCd></mdHrLv><mdHrLvName Sync="TRUE">dataset</mdHrLvName><refSysInfo><RefSystem><refSysID><identCode code="32718" Sync="TRUE"></identCode><idCodeSpace Sync="TRUE">EPSG</idCodeSpace><idVersion Sync="TRUE">2.1(3.0.1)</idVersion></refSysID></RefSystem></refSysInfo><spatRepInfo><VectSpatRep><geometObjs Name="MALLA"><geoObjTyp><GeoObjTypCd value="002" Sync="TRUE"></GeoObjTypCd></geoObjTyp><geoObjCnt Sync="TRUE">0</geoObjCnt></geometObjs><topLvl><TopoLevCd value="001" Sync="TRUE"></TopoLevCd></topLvl></VectSpatRep></spatRepInfo><spdoinfo><ptvctinf><esriterm Name="MALLA"><efeatyp Sync="TRUE">Simple</efeatyp><efeageom code="4" Sync="TRUE"></efeageom><esritopo Sync="TRUE">FALSE</esritopo><efeacnt Sync="TRUE">0</efeacnt><spindex Sync="TRUE">TRUE</spindex><linrefer Sync="TRUE">FALSE</linrefer></esriterm></ptvctinf></spdoinfo><eainfo><detailed Name="MALLA"><enttyp><enttypl Sync="TRUE">MALLA</enttypl><enttypt Sync="TRUE">Feature Class</enttypt><enttypc Sync="TRUE">0</enttypc></enttyp><attr><attrlabl Sync="TRUE">OBJECTID</attrlabl><attalias Sync="TRUE">OBJECTID</attalias><attrtype Sync="TRUE">OID</attrtype><attwidth Sync="TRUE">4</attwidth><atprecis Sync="TRUE">0</atprecis><attscale Sync="TRUE">0</attscale><attrdef Sync="TRUE">Internal feature number.</attrdef><attrdefs Sync="TRUE">Esri</attrdefs><attrdomv><udom Sync="TRUE">Sequential unique whole numbers that are automatically generated.</udom></attrdomv></attr><attr><attrlabl Sync="TRUE">SHAPE</attrlabl><attalias Sync="TRUE">SHAPE</attalias><attrtype Sync="TRUE">Geometry</attrtype><attwidth Sync="TRUE">0</attwidth><atprecis Sync="TRUE">0</atprecis><attscale Sync="TRUE">0</attscale><attrdef Sync="TRUE">Feature geometry.</attrdef><attrdefs Sync="TRUE">Esri</attrdefs><attrdomv><udom Sync="TRUE">Coordinates defining the features.</udom></attrdomv></attr><attr><attrlabl Sync="TRUE">CODIGODISTRITO</attrlabl><attalias Sync="TRUE">CODIGODISTRITO</attalias><attrtype Sync="TRUE">String</attrtype><attwidth Sync="TRUE">6</attwidth><atprecis Sync="TRUE">0</atprecis><attscale Sync="TRUE">0</attscale></attr><attr><attrlabl Sync="TRUE">SECTOR</attrlabl><attalias Sync="TRUE">SECTOR</attalias><attrtype Sync="TRUE">String</attrtype><attwidth Sync="TRUE">6</attwidth><atprecis Sync="TRUE">0</atprecis><attscale Sync="TRUE">0</attscale></attr><attr><attrlabl Sync="TRUE">CODIGOMALLA</attrlabl><attalias Sync="TRUE">CODIGOMALLA</attalias><attrtype Sync="TRUE">String</attrtype><attwidth Sync="TRUE">40</attwidth><atprecis Sync="TRUE">0</atprecis><attscale Sync="TRUE">0</attscale></attr><attr><attrlabl Sync="TRUE">NOMBREMALLA</attrlabl><attalias Sync="TRUE">NOMBREMALLA</attalias><attrtype Sync="TRUE">String</attrtype><attwidth Sync="TRUE">50</attwidth><atprecis Sync="TRUE">0</atprecis><attscale Sync="TRUE">0</attscale></attr><attr><attrlabl Sync="TRUE">FECHAGASIFICACION</attrlabl><attalias Sync="TRUE">FECHAGASIFICACION</attalias><attrtype Sync="TRUE">Date</attrtype><attwidth Sync="TRUE">8</attwidth><atprecis Sync="TRUE">0</atprecis><attscale Sync="TRUE">0</attscale></attr><attr><attrlabl Sync="TRUE">CODIGOSECTOR</attrlabl><attalias Sync="TRUE">CODIGOSECTOR</attalias><attrtype Sync="TRUE">String</attrtype><attwidth Sync="TRUE">11</attwidth><atprecis Sync="TRUE">0</atprecis><attscale Sync="TRUE">0</attscale></attr><attr><attrlabl Sync="TRUE">CODIGOTIPOMALLA</attrlabl><attalias Sync="TRUE">CODIGOTIPOMALLA</attalias><attrtype Sync="TRUE">String</attrtype><attwidth Sync="TRUE">50</attwidth><atprecis Sync="TRUE">0</atprecis><attscale Sync="TRUE">0</attscale></attr><attr><attrlabl Sync="TRUE">COLABORADORFECHAGAS</attrlabl><attalias Sync="TRUE">COLABORADORFECHAGAS</attalias><attrtype Sync="TRUE">String</attrtype><attwidth Sync="TRUE">20</attwidth><atprecis Sync="TRUE">0</atprecis><attscale Sync="TRUE">0</attscale></attr><attr><attrlabl Sync="TRUE">OBSERVACION</attrlabl><attalias Sync="TRUE">OBSERVACION</attalias><attrtype Sync="TRUE">String</attrtype><attwidth Sync="TRUE">100</attwidth><atprecis Sync="TRUE">0</atprecis><attscale Sync="TRUE">0</attscale></attr><attr><attrlabl Sync="TRUE">CODIGOESTADOMALLA</attrlabl><attalias Sync="TRUE">CODIGOESTADOMALLA</attalias><attrtype Sync="TRUE">String</attrtype><attwidth Sync="TRUE">2</attwidth><atprecis Sync="TRUE">0</atprecis><attscale Sync="TRUE">0</attscale></attr><attr><attrlabl Sync="TRUE">OBSERVACIONFECHAGAS</attrlabl><attalias Sync="TRUE">OBSERVACIONFECHAGAS</attalias><attrtype Sync="TRUE">String</attrtype><attwidth Sync="TRUE">100</attwidth><atprecis Sync="TRUE">0</atprecis><attscale Sync="TRUE">0</attscale></attr><attr><attrlabl Sync="TRUE">FECHACREACIONMALLA</attrlabl><attalias Sync="TRUE">FECHACREACIONMALLA</attalias><attrtype Sync="TRUE">Date</attrtype><attwidth Sync="TRUE">8</attwidth><atprecis Sync="TRUE">0</atprecis><attscale Sync="TRUE">0</attscale></attr><attr><attrlabl Sync="TRUE">COLABORADORCREACIONMALLA</attrlabl><attalias Sync="TRUE">COLABORADORCREACIONMALLA</attalias><attrtype Sync="TRUE">String</attrtype><attwidth Sync="TRUE">20</attwidth><atprecis Sync="TRUE">0</atprecis><attscale Sync="TRUE">0</attscale></attr><attr><attrlabl Sync="TRUE">CONCESION</attrlabl><attalias Sync="TRUE">CONCESION</attalias><attrtype Sync="TRUE">String</attrtype><attwidth Sync="TRUE">2</attwidth><atprecis Sync="TRUE">0</atprecis><attscale Sync="TRUE">0</attscale></attr><attr><attrlabl Sync="TRUE">SISTEMADISTRIBUCION</attrlabl><attalias Sync="TRUE">SISTEMADISTRIBUCION</attalias><attrtype Sync="TRUE">String</attrtype><attwidth Sync="TRUE">2</attwidth><atprecis Sync="TRUE">0</atprecis><attscale Sync="TRUE">0</attscale></attr><attr><attrlabl Sync="TRUE">UTNIVEL3</attrlabl><attalias Sync="TRUE">UTNIVEL3</attalias><attrtype Sync="TRUE">String</attrtype><attwidth Sync="TRUE">2</attwidth><atprecis Sync="TRUE">0</atprecis><attscale Sync="TRUE">0</attscale></attr><attr><attrlabl Sync="TRUE">UTNIVEL4</attrlabl><attalias Sync="TRUE">UTNIVEL4</attalias><attrtype Sync="TRUE">String</attrtype><attwidth Sync="TRUE">3</attwidth><atprecis Sync="TRUE">0</atprecis><attscale Sync="TRUE">0</attscale></attr><attr><attrlabl Sync="TRUE">UTNIVEL5</attrlabl><attalias Sync="TRUE">UTNIVEL5</attalias><attrtype Sync="TRUE">String</attrtype><attwidth Sync="TRUE">7</attwidth><atprecis Sync="TRUE">0</atprecis><attscale Sync="TRUE">0</attscale></attr><attr><attrlabl Sync="TRUE">UTNIVEL6</attrlabl><attalias Sync="TRUE">UTNIVEL6</attalias><attrtype Sync="TRUE">String</attrtype><attwidth Sync="TRUE">2</attwidth><atprecis Sync="TRUE">0</atprecis><attscale Sync="TRUE">0</attscale></attr><attr><attrlabl Sync="TRUE">UTNIVEL7</attrlabl><attalias Sync="TRUE">UTNIVEL7</attalias><attrtype Sync="TRUE">String</attrtype><attwidth Sync="TRUE">3</attwidth><atprecis Sync="TRUE">0</atprecis><attscale Sync="TRUE">0</attscale></attr><attr><attrlabl Sync="TRUE">UTNIVEL8</attrlabl><attalias Sync="TRUE">UTNIVEL8</attalias><attrtype Sync="TRUE">String</attrtype><attwidth Sync="TRUE">2</attwidth><atprecis Sync="TRUE">0</atprecis><attscale Sync="TRUE">0</attscale></attr><attr><attrlabl Sync="TRUE">CODIGOUNIDADLECTURA</attrlabl><attalias Sync="TRUE">CODIGOUNIDADLECTURA</attalias><attrtype Sync="TRUE">String</attrtype><attwidth Sync="TRUE">15</attwidth><atprecis Sync="TRUE">0</atprecis><attscale Sync="TRUE">0</attscale></attr><attr><attrlabl Sync="TRUE">ENVIARSAP</attrlabl><attalias Sync="TRUE">ENVIARSAP</attalias><attrtype Sync="TRUE">String</attrtype><attwidth Sync="TRUE">2</attwidth><atprecis Sync="TRUE">0</atprecis><attscale Sync="TRUE">0</attscale></attr><attr><attrlabl Sync="TRUE">NOMBRECALLE</attrlabl><attalias Sync="TRUE">NOMBRECALLE</attalias><attrtype Sync="TRUE">String</attrtype><attwidth Sync="TRUE">100</attwidth><atprecis Sync="TRUE">0</atprecis><attscale Sync="TRUE">0</attscale></attr><attr><attrlabl Sync="TRUE">FECHAPUESTASERVICIO</attrlabl><attalias Sync="TRUE">FECHAPUESTASERVICIO</attalias><attrtype Sync="TRUE">String</attrtype><attwidth Sync="TRUE">8</attwidth><atprecis Sync="TRUE">0</atprecis><attscale Sync="TRUE">0</attscale></attr><attr><attrlabl Sync="TRUE">NUMEROPUERTA</attrlabl><attalias Sync="TRUE">NUMEROPUERTA</attalias><attrtype Sync="TRUE">String</attrtype><attwidth Sync="TRUE">50</attwidth><atprecis Sync="TRUE">0</atprecis><attscale Sync="TRUE">0</attscale></attr><attr><attrlabl Sync="TRUE">TIPOUBICACIONTECNICA</attrlabl><attalias Sync="TRUE">TIPOUBICACIONTECNICA</attalias><attrtype Sync="TRUE">String</attrtype><attwidth Sync="TRUE">10</attwidth><atprecis Sync="TRUE">0</atprecis><attscale Sync="TRUE">0</attscale></attr><attr><attrlabl Sync="TRUE">CODIGOINDICADORESTRUCTURA</attrlabl><attalias Sync="TRUE">CODIGOINDICADORESTRUCTURA</attalias><attrtype Sync="TRUE">String</attrtype><attwidth Sync="TRUE">10</attwidth><atprecis Sync="TRUE">0</atprecis><attscale Sync="TRUE">0</attscale></attr><attr><attrlabl Sync="TRUE">USUARIOCREACION</attrlabl><attalias Sync="TRUE">USUARIOCREACION</attalias><attrtype Sync="TRUE">String</attrtype><attwidth Sync="TRUE">50</attwidth><atprecis Sync="TRUE">0</atprecis><attscale Sync="TRUE">0</attscale></attr><attr><attrlabl Sync="TRUE">MAQUINA</attrlabl><attalias Sync="TRUE">MAQUINA</attalias><attrtype Sync="TRUE">String</attrtype><attwidth Sync="TRUE">50</attwidth><atprecis Sync="TRUE">0</atprecis><attscale Sync="TRUE">0</attscale></attr><attr><attrlabl Sync="TRUE">FECHACREACIONGIS</attrlabl><attalias Sync="TRUE">FECHACREACIONGIS</attalias><attrtype Sync="TRUE">Date</attrtype><attwidth Sync="TRUE">8</attwidth><atprecis Sync="TRUE">0</atprecis><attscale Sync="TRUE">0</attscale></attr><attr><attrlabl Sync="TRUE">NOMBREVALIDACIONOT</attrlabl><attalias Sync="TRUE">NOMBREVALIDACIONOT</attalias><attrtype Sync="TRUE">String</attrtype><attwidth Sync="TRUE">100</attwidth><atprecis Sync="TRUE">0</atprecis><attscale Sync="TRUE">0</attscale></attr><attr><attrlabl Sync="TRUE">FECHAVALIDACIONOT</attrlabl><attalias Sync="TRUE">FECHAVALIDACIONOT</attalias><attrtype Sync="TRUE">Date</attrtype><attwidth Sync="TRUE">8</attwidth><atprecis Sync="TRUE">0</atprecis><attscale Sync="TRUE">0</attscale></attr><attr><attrlabl Sync="TRUE">USUARIOMODIFICACION</attrlabl><attalias Sync="TRUE">USUARIOMODIFICACION</attalias><attrtype Sync="TRUE">String</attrtype><attwidth Sync="TRUE">50</attwidth><atprecis Sync="TRUE">0</atprecis><attscale Sync="TRUE">0</attscale></attr><attr><attrlabl Sync="TRUE">FECHAMODIFICACION</attrlabl><attalias Sync="TRUE">FECHAMODIFICACION</attalias><attrtype Sync="TRUE">Date</attrtype><attwidth Sync="TRUE">8</attwidth><atprecis Sync="TRUE">0</atprecis><attscale Sync="TRUE">0</attscale></attr><attr><attrlabl Sync="TRUE">created_user</attrlabl><attalias Sync="TRUE">created_user</attalias><attrtype Sync="TRUE">String</attrtype><attwidth Sync="TRUE">255</attwidth><atprecis Sync="TRUE">0</atprecis><attscale Sync="TRUE">0</attscale></attr><attr><attrlabl Sync="TRUE">created_date</attrlabl><attalias Sync="TRUE">created_date</attalias><attrtype Sync="TRUE">Date</attrtype><attwidth Sync="TRUE">8</attwidth><atprecis Sync="TRUE">0</atprecis><attscale Sync="TRUE">0</attscale></attr><attr><attrlabl Sync="TRUE">last_edited_user</attrlabl><attalias Sync="TRUE">last_edited_user</attalias><attrtype Sync="TRUE">String</attrtype><attwidth Sync="TRUE">255</attwidth><atprecis Sync="TRUE">0</atprecis><attscale Sync="TRUE">0</attscale></attr><attr><attrlabl Sync="TRUE">last_edited_date</attrlabl><attalias Sync="TRUE">last_edited_date</attalias><attrtype Sync="TRUE">Date</attrtype><attwidth Sync="TRUE">8</attwidth><atprecis Sync="TRUE">0</atprecis><attscale Sync="TRUE">0</attscale></attr><attr><attrlabl Sync="TRUE">ACTIVADO</attrlabl><attalias Sync="TRUE">ACTIVADO</attalias><attrtype Sync="TRUE">String</attrtype><attwidth Sync="TRUE">2</attwidth><atprecis Sync="TRUE">0</atprecis><attscale Sync="TRUE">0</attscale></attr><attr><attrlabl Sync="TRUE">USR_ACTIVADO</attrlabl><attalias Sync="TRUE">USR_ACTIVADO</attalias><attrtype Sync="TRUE">String</attrtype><attwidth Sync="TRUE">50</attwidth><atprecis Sync="TRUE">0</atprecis><attscale Sync="TRUE">0</attscale></attr><attr><attrlabl Sync="TRUE">FECHA_ACTIVADO</attrlabl><attalias Sync="TRUE">FECHA_ACTIVADO</attalias><attrtype Sync="TRUE">Date</attrtype><attwidth Sync="TRUE">8</attwidth><atprecis Sync="TRUE">0</atprecis><attscale Sync="TRUE">0</attscale></attr><attr><attrlabl Sync="TRUE">SHAPE_Length</attrlabl><attalias Sync="TRUE">SHAPE_Length</attalias><attrtype Sync="TRUE">Double</attrtype><attwidth Sync="TRUE">8</attwidth><atprecis Sync="TRUE">0</atprecis><attscale Sync="TRUE">0</attscale><attrdef Sync="TRUE">Length of feature in internal units.</attrdef><attrdefs Sync="TRUE">Esri</attrdefs><attrdomv><udom Sync="TRUE">Positive real numbers that are automatically generated.</udom></attrdomv></attr><attr><attrlabl Sync="TRUE">SHAPE_Area</attrlabl><attalias Sync="TRUE">SHAPE_Area</attalias><attrtype Sync="TRUE">Double</attrtype><attwidth Sync="TRUE">8</attwidth><atprecis Sync="TRUE">0</atprecis><attscale Sync="TRUE">0</attscale><attrdef Sync="TRUE">Area of feature in internal units squared.</attrdef><attrdefs Sync="TRUE">Esri</attrdefs><attrdomv><udom Sync="TRUE">Positive real numbers that are automatically generated.</udom></attrdomv></attr></detailed></eainfo><mdDateSt Sync="TRUE">20231101</mdDateSt></metadata>
